material_id,formula_pretty,formula,axis,species,n_layers,n_pass,pass_fraction,best_layer_has_pass,best_layer_plane_id,best_layer_plane_center_frac,best_layer_mean_score,best_layer_tol_ratio_any,best_layer_nn_intra_min,best_layer_min_adj_dist_any_atom,best_layer_passes2_fail_reasons,is_dominant_axsp,best_layer_coplane_species_counts_json,best_layer_coplane_n_species,best_layer_coplane_major_species,best_layer_coplane_major_fraction,best_layer_coplane_other_species_counts_json,best_layer_coplane_other_n_species,best_layer_coplane_other_fraction,best_layer_cnn_out_of_plane_nn_species,best_layer_cnn_out_of_plane_nn_dist,best_layer_cnn_out_of_plane_bonded_species_counts_json,best_layer_cnn_out_of_plane_bonded_major_species,best_layer_cnn_out_of_plane_bonded_major_fraction,best_layer_cnn_out_of_plane_bonded_n_species,best_layer_square_species_oxi_state_mean,best_layer_square_species_oxi_state_std,best_layer_has_out_of_plane_same_species_bond,best_layer_uv_ang_deg_mean,best_layer_uv_ang_err_mean,best_layer_uv_len_err_mean,best_layer_cnn_in_plane_bond_angle_deg_mean,best_layer_cnn_out_of_plane_tilt_angle_deg_mean,structure_source,sg_number,sg_symbol,crystal_system,energy_above_hull,band_gap
mp-975411,RbBr3,RbBr3,c,Br,4,2,0.499999999999875,1,1,0.25,1.0,0.8123532440811195,3.1940962243496696,3.931905544320957,,True,"{""Br"": 2}",1,Br,0.9999999999995,{},0,,Rb,3.931905544320957,"{""Rb"": 8}",Rb,0.999999999999875,1,,,0,90.0,7.105427357601002e-15,2.0855158016121486e-16,,54.940941315929045,conventional,139,I4/mmm,Tetragonal,0.0,0.0
mp-975411,RbBr3,RbBr3,c,Rb,2,0,0.0,0,2,0.5,1.0,1.1488409752173,4.517134199999997,3.9319055443209567,nn_intra_min_out_of_bounds|coplane_mixed_species,False,"{""Br"": 1, ""Rb"": 1}",2,Rb,0.49999999999975,"{""Br"": 1}",1,0.49999999999975,,,{},,,0,,,0,89.99999999999999,1.4210854715202004e-14,1.9662431541221992e-16,90.0,,conventional,139,I4/mmm,Tetragonal,0.0,0.0
mp-975411,RbBr3,RbBr3,a,Br,2,0,0.0,0,0,0.0,4.528986463883938e-08,1.2309915757536412,3.9319055443209563,3.1940962243496704,primary_pass_failed,False,"{""Br"": 3, ""Rb"": 1}",2,Br,0.7499999999998125,"{""Rb"": 1}",1,0.2499999999999375,Rb,3.1940962243496704,"{""Rb"": 8}",Rb,0.999999999999875,1,,,0,83.37270578938057,19.881882631858275,1.129450351348044e-16,70.11811736814175,38.372705789380525,conventional,139,I4/mmm,Tetragonal,0.0,0.0
mp-975411,RbBr3,RbBr3,b,Br,2,0,0.0,0,0,0.0,4.528986463883938e-08,1.2309915757536412,3.9319055443209563,3.19409622434967,primary_pass_failed,False,"{""Br"": 3, ""Rb"": 1}",2,Br,0.7499999999998125,"{""Rb"": 1}",1,0.2499999999999375,Rb,3.1940962243496704,"{""Rb"": 8}",Rb,0.999999999999875,1,,,0,83.37270578938057,19.881882631858275,1.129450351348044e-16,70.11811736814175,38.37270578938054,conventional,139,I4/mmm,Tetragonal,0.0,0.0
mp-975411,RbBr3,RbBr3,a,Rb,2,0,0.0,0,0,0.0,7.72436413373811e-41,1.4142135623730947,4.517134199999999,3.1940962243496704,primary_pass_failed,False,"{""Br"": 3, ""Rb"": 1}",2,Br,0.7499999999998125,"{""Br"": 3}",1,0.7499999999998125,Br,3.1940962243496704,"{""Br"": 4}",Br,0.99999999999975,1,,,0,90.0,0.0,0.9610494748250199,,44.999999999999936,conventional,139,I4/mmm,Tetragonal,0.0,0.0
mp-975411,RbBr3,RbBr3,b,Rb,2,0,0.0,0,0,0.0,7.72436413373811e-41,1.4142135623730947,4.517134199999999,3.1940962243496704,primary_pass_failed,False,"{""Br"": 3, ""Rb"": 1}",2,Br,0.7499999999998125,"{""Br"": 3}",1,0.7499999999998125,Br,3.1940962243496704,"{""Br"": 4}",Br,0.99999999999975,1,,,0,90.0,0.0,0.9610494748250199,,44.99999999999995,conventional,139,I4/mmm,Tetragonal,0.0,0.0
mp-1102688,PrSbSe,PrSbSe,b,Pr,4,0,0.0,0,4,0.35205613,0.9997818939628216,1.3798850258393431,4.2364978494772965,3.0701817688762585,nn_intra_min_out_of_bounds,False,"{""Pr"": 1}",1,Pr,0.9999999999989999,{},0,,Se,3.0593639623289124,"{""Sb"": 4, ""Se"": 5}",Se,0.5555555555554939,2,3.0,0.0,0,89.93072412360083,0.06927587639917476,0.0005115070256039726,,89.83556977951044,conventional,14,P2_1/c,Monoclinic,0.0,0.0
mp-1102688,PrSbSe,PrSbSe,b,Se,4,0,0.0,0,3,0.31343418999999995,0.9997818939628216,1.379885025839343,4.236497849477296,3.0701817688762585,nn_intra_min_out_of_bounds,False,"{""Se"": 1}",1,Se,0.9999999999989999,{},0,,Pr,3.059363962328912,"{""Pr"": 5}",Pr,0.9999999999997999,1,-2.0,0.0,0,89.93072412360083,0.06927587639917476,0.0005115070256041822,,89.83556977951044,conventional,14,P2_1/c,Monoclinic,0.0,0.0
mp-1102688,PrSbSe,PrSbSe,b,Sb,2,2,0.9999999999995,1,5,0.5,0.6233556658986048,0.8323662679396662,2.8752228268296025,3.4542760051372148,,True,"{""Sb"": 2}",1,Sb,0.9999999999995,{},0,,Pr,3.4542760051372148,"{""Pr"": 8}",Pr,0.999999999999875,1,-1.0,0.0,0,93.12650975536704,3.1265097553670316,0.028571926918284696,91.58658196158922,52.163412364035466,conventional,14,P2_1/c,Monoclinic,0.0,0.0
mp-1102688,PrSbSe,PrSbSe,a,Sb,2,0,0.0,0,1,0.47944629000000005,4.528806280359695e-16,2.0830219450828165,5.989221557286319,2.875256101561715,primary_pass_failed,False,"{""Sb"": 2}",1,Sb,0.9999999999995,{},0,,Sb,2.875256101561715,"{""Pr"": 8, ""Sb"": 8}",Pr,0.4999999999999688,2,-1.0,0.0,1,72.02371560443318,17.97628439556682,0.47333953004786317,,89.21130761024129,conventional,14,P2_1/c,Monoclinic,0.0,0.0
mp-1102688,PrSbSe,PrSbSe,c,Pr,4,0,0.0,0,2,0.7365047,4.791417995764792e-69,1.2233885077974003,4.2364978494772965,3.462921077380991,primary_pass_failed,False,"{""Pr"": 1, ""Sb"": 1, ""Se"": 1}",3,Pr,0.33333333333322224,"{""Sb"": 1, ""Se"": 1}",2,0.6666666666664445,Se,3.0701817688762585,"{""Sb"": 4, ""Se"": 4}",Se,0.4999999999999375,2,3.0,0.0,0,90.0,0.0,1.2542389924430535,,43.52836401567573,conventional,14,P2_1/c,Monoclinic,0.0,0.0
mp-1102688,PrSbSe,PrSbSe,c,Sb,4,0,0.0,0,1,0.2634953,4.791417995764792e-69,1.473433217714489,4.236497849477296,2.875256101561715,primary_pass_failed,False,"{""Pr"": 1, ""Sb"": 1, ""Se"": 1}",3,Se,0.33333333333322224,"{""Pr"": 1, ""Se"": 1}",2,0.6666666666664445,Sb,2.875256101561715,"{""Pr"": 4, ""Sb"": 4}",Pr,0.4999999999999375,2,-1.0,0.0,1,90.0,0.0,1.2542389924430535,,44.21108876573171,conventional,14,P2_1/c,Monoclinic,0.0,0.0
mp-1102688,PrSbSe,PrSbSe,c,Se,4,0,0.0,0,0,0.2365047,4.791417995764792e-69,1.0598632319550685,4.236497849477296,3.997211830494839,primary_pass_failed,False,"{""Pr"": 1, ""Sb"": 1, ""Se"": 1}",3,Pr,0.33333333333322224,"{""Pr"": 1, ""Sb"": 1}",2,0.6666666666664445,Pr,3.0701817688762585,"{""Pr"": 4}",Pr,0.99999999999975,1,-2.0,0.0,0,90.0,0.0,1.2542389924430535,,43.52836401567573,conventional,14,P2_1/c,Monoclinic,0.0,0.0
mp-1102688,PrSbSe,PrSbSe,a,Pr,2,0,0.0,0,3,0.9915466000000001,0.0,1.391090927823153,4.817238094512273,3.4629210773809898,primary_pass_failed,False,"{""Pr"": 2, ""Se"": 2}",2,Se,0.499999999999875,"{""Se"": 2}",1,0.499999999999875,Se,3.0803916166810397,"{""Sb"": 8, ""Se"": 4}",Sb,0.6666666666666111,2,3.0,0.0,0,76.87268535954819,13.127314640451814,1.843750303128934e-16,76.71354969839432,76.59645184311078,conventional,14,P2_1/c,Monoclinic,0.0,0.0
mp-1102688,PrSbSe,PrSbSe,a,Se,2,0,0.0,0,3,0.9915466000000001,0.0,0.9515978288352039,3.8037380992932786,3.9972118304948374,primary_pass_failed,False,"{""Pr"": 2, ""Se"": 2}",2,Se,0.499999999999875,"{""Pr"": 2}",1,0.499999999999875,Pr,3.0803916166810397,"{""Pr"": 4}",Pr,0.99999999999975,1,-2.0,0.0,0,103.86427775345773,13.864277753457728,0.0,103.21213207363127,76.59645184311081,conventional,14,P2_1/c,Monoclinic,0.0,0.0
mp-149,Si,Si,c,Si,4,0,0.0,0,2,0.5,1.0,1.6329931618554516,3.8492788626667855,2.357192272803598,out_of_plane_same_species_bond,True,"{""Si"": 2}",1,Si,0.9999999999995,{},0,,Si,2.357192272803598,"{""Si"": 8}",Si,0.999999999999875,1,0.0,0.0,1,90.0,7.105427357601002e-15,1.7305418457357373e-16,,35.264389682754604,conventional,227,Fd-3m,Cubic,0.0,0.6102999999999996
mp-149,Si,Si,a,Si,4,0,0.0,0,1,0.25,1.0,1.6329931618554516,3.8492788626667855,2.357192272803598,out_of_plane_same_species_bond,False,"{""Si"": 2}",1,Si,0.9999999999995,{},0,,Si,2.357192272803598,"{""Si"": 8}",Si,0.999999999999875,1,0.0,0.0,1,90.0,0.0,1.7305418457357373e-16,,35.26438968275461,conventional,227,Fd-3m,Cubic,0.0,0.6102999999999996
mp-149,Si,Si,b,Si,4,0,0.0,0,1,0.25,1.0,1.6329931618554516,3.8492788626667855,2.357192272803598,out_of_plane_same_species_bond,False,"{""Si"": 2}",1,Si,0.9999999999995,{},0,,Si,2.357192272803598,"{""Si"": 8}",Si,0.999999999999875,1,0.0,0.0,1,90.0,0.0,1.1536945638238248e-16,,35.26438968275461,conventional,227,Fd-3m,Cubic,0.0,0.6102999999999996
mp-13,Fe,Fe,a,Fe,2,0,0.0,0,0,0.0,0.9994773877505916,1.1558443424219504,2.8639639199434717,2.477811081328076,out_of_plane_same_species_bond,True,"{""Fe"": 2}",1,Fe,0.9999999999995,{},0,,Fe,2.477811081328076,"{""Fe"": 16}",Fe,0.9999999999999376,1,0.0,0.0,1,89.88568149113246,0.11431850886754802,0.0,,35.26508165836347,conventional,229,Im-3m,Cubic,0.0,0.0
mp-13,Fe,Fe,c,Fe,2,0,0.0,0,0,0.0,2.598966931485904e-07,0.9986698667169244,2.477811081328075,2.481111290033964,primary_pass_failed,False,"{""Fe"": 2}",1,Fe,0.9999999999995,{},0,,Fe,2.481111290033964,"{""Fe"": 8}",Fe,0.999999999999875,1,0.0,0.0,1,70.53016331672704,19.46983668327296,1.7922642012402193e-16,109.46983668327296,54.788791152129605,conventional,229,Im-3m,Cubic,0.0,0.0
mp-13,Fe,Fe,b,Fe,2,0,0.0,0,0,0.0,2.1964150219639922e-07,1.0013319048941045,2.481111290033963,2.477811081328076,primary_pass_failed,False,"{""Fe"": 2}",1,Fe,0.9999999999995,{},0,,Fe,2.477811081328076,"{""Fe"": 8}",Fe,0.999999999999875,1,0.0,0.0,1,70.42241769574062,19.57758230425938,1.789880250974085e-16,90.0,54.73491834163641,conventional,229,Im-3m,Cubic,0.0,0.0
mp-10816,NdAgAs2,NdAgAs2,c,Ag,1,1,0.9999999999989999,1,0,0.0,1.0,1.0343232928551505,2.8503464414779445,2.7557596944470193,,False,"{""Ag"": 2}",1,Ag,0.9999999999995,{},0,,As,2.7557596944470193,"{""As"": 8}",As,0.999999999999875,1,2.0,0.0,0,90.0,0.0,1.5580183636196732e-16,,42.998041426842036,conventional,129,P4/nmm,Tetragonal,0.01180801562499667,0.0
mp-10816,NdAgAs2,NdAgAs2,c,As,3,1,0.33333333333322224,1,3,0.5,1.0,0.9014556251299845,2.850346441477944,3.161937606265357,,True,"{""As"": 2}",1,As,0.9999999999995,{},0,,Nd,3.161937606265357,"{""Nd"": 8}",Nd,0.999999999999875,1,-3.0,0.0,0,90.0,7.105427357601002e-15,1.5580183636196734e-16,90.0,50.39989621347022,conventional,129,P4/nmm,Tetragonal,0.01180801562499667,0.0
mp-10816,NdAgAs2,NdAgAs2,c,Nd,2,0,0.0,0,2,0.27239877,1.0,1.329069652734577,4.030998594999998,3.032947586084875,nn_intra_min_out_of_bounds,False,"{""Nd"": 1}",1,Nd,0.9999999999989999,{},0,,As,3.032947586084875,"{""As"": 8}",As,0.999999999999875,1,3.0,0.0,0,90.0,0.0,0.0,,19.9829823494684,conventional,129,P4/nmm,Tetragonal,0.01180801562499667,0.0
mp-10816,NdAgAs2,NdAgAs2,a,Ag,2,0,0.0,0,0,0.0,2.3478357493155236e-36,1.4627540286341523,4.030998594999999,2.7557596944470197,primary_pass_failed,False,"{""Ag"": 1, ""As"": 2, ""Nd"": 1}",3,As,0.499999999999875,"{""As"": 2, ""Nd"": 1}",2,0.7499999999998125,As,2.7557596944470197,"{""As"": 2}",As,0.9999999999995,1,2.0,0.0,0,90.0,0.0,0.9057569729331914,94.00391714631583,47.001958573157836,conventional,129,P4/nmm,Tetragonal,0.01180801562499667,0.0
mp-10816,NdAgAs2,NdAgAs2,a,Nd,2,0,0.0,0,1,0.5,2.3478357493155236e-36,1.3290696527345771,4.030998594999999,3.032947586084875,primary_pass_failed,False,"{""Ag"": 1, ""As"": 2, ""Nd"": 1}",3,As,0.499999999999875,"{""Ag"": 1, ""As"": 2}",2,0.7499999999998125,As,3.032947586084875,"{""As"": 6}",As,0.9999999999998334,1,3.0,0.0,0,90.0,0.0,0.9057569729331914,79.20020757305939,41.64664843275231,conventional,129,P4/nmm,Tetragonal,0.01180801562499667,0.0
mp-10816,NdAgAs2,NdAgAs2,b,Ag,2,0,0.0,0,0,0.0,2.3478357493155236e-36,1.4627540286341527,4.030998594999999,2.7557596944470193,primary_pass_failed,False,"{""Ag"": 1, ""As"": 2, ""Nd"": 1}",3,As,0.499999999999875,"{""As"": 2, ""Nd"": 1}",2,0.7499999999998125,As,2.7557596944470193,"{""As"": 2}",As,0.9999999999995,1,2.0,0.0,0,90.0,0.0,0.9057569729331914,94.0039171463158,47.00195857315785,conventional,129,P4/nmm,Tetragonal,0.01180801562499667,0.0
mp-10816,NdAgAs2,NdAgAs2,b,Nd,2,0,0.0,0,0,0.0,2.3478357493155236e-36,1.3290696527345771,4.030998594999999,3.032947586084875,primary_pass_failed,False,"{""Ag"": 1, ""As"": 2, ""Nd"": 1}",3,As,0.499999999999875,"{""Ag"": 1, ""As"": 2}",2,0.7499999999998125,As,3.032947586084875,"{""As"": 6}",As,0.9999999999998334,1,3.0,0.0,0,90.0,0.0,0.9057569729331914,79.20020757305939,41.64664843275233,conventional,129,P4/nmm,Tetragonal,0.01180801562499667,0.0
mp-10816,NdAgAs2,NdAgAs2,a,As,2,0,0.0,0,1,0.5,0.0,1.457052856091446,4.01528753349572,2.7557596944470197,primary_pass_failed,False,"{""Ag"": 1, ""As"": 2, ""Nd"": 1}",3,As,0.499999999999875,"{""Ag"": 1, ""Nd"": 1}",2,0.499999999999875,Ag,2.7557596944470197,"{""Ag"": 2, ""As"": 4, ""Nd"": 6}",Nd,0.4999999999999583,3,-2.5,0.5,1,60.25903875580852,29.740961244191485,2.2119920735212565e-16,86.6020623596876,46.0009792865789,conventional,129,P4/nmm,Tetragonal,0.01180801562499667,0.0
mp-10816,NdAgAs2,NdAgAs2,b,As,2,0,0.0,0,0,0.0,0.0,1.4570528560914462,4.015287533495721,2.7557596944470197,primary_pass_failed,False,"{""Ag"": 1, ""As"": 2, ""Nd"": 1}",3,As,0.499999999999875,"{""Ag"": 1, ""Nd"": 1}",2,0.499999999999875,Ag,2.7557596944470197,"{""Ag"": 2, ""As"": 4, ""Nd"": 6}",Nd,0.4999999999999583,3,-2.5,0.5,1,60.259038755808504,29.740961244191492,0.0,86.6020623596876,46.0009792865789,conventional,129,P4/nmm,Tetragonal,0.01180801562499667,0.0
mp-989557,YTcN3,YTcN3,b,N,4,2,0.499999999999875,1,0,0.010161999999999782,0.9696285615321127,1.9622132948416144,3.995647999999999,2.0362964671088517,,True,"{""N"": 1}",1,N,0.9999999999989999,{},0,,Tc,2.0362964671088517,"{""Tc"": 2, ""Y"": 3}",Y,0.59999999999988,2,-2.8333333333333335,0.0,0,90.00000000000001,1.4210854715202004e-14,0.017561949514573516,,3.1496525984744608,conventional,38,Amm2,Orthorhombic,0.06251445233333008,0.0
mp-989557,YTcN3,YTcN3,b,Tc,2,2,0.9999999999995,1,5,0.5253129999999998,0.969628561532112,1.962213294841614,3.995647999999999,2.036296467108852,,False,"{""Tc"": 1}",1,Tc,0.9999999999989999,{},0,,N,2.036296467108852,"{""N"": 6}",N,0.9999999999998334,1,5.5,0.0,0,90.0,0.0,0.017561949514573735,,3.149652598474489,conventional,38,Amm2,Orthorhombic,0.06251445233333008,0.0
mp-989557,YTcN3,YTcN3,b,Y,2,2,0.9999999999995,1,3,0.3308169999999999,0.969628561532112,1.666987048534505,3.995647999999999,2.396928040630361,,False,"{""Y"": 1}",1,Y,0.9999999999989999,{},0,,N,2.367876206190001,"{""N"": 7}",N,0.9999999999998571,1,3.0,0.0,0,90.0,0.0,0.017561949514573735,,89.99999730013067,conventional,38,Amm2,Orthorhombic,0.06251445233333008,0.0
mp-989557,YTcN3,YTcN3,c,Tc,1,0,0.0,0,0,0.0,7.338309240415058e-15,1.9622132948416144,3.995647999999999,2.0362964671088517,primary_pass_failed,False,"{""N"": 4, ""Tc"": 2}",2,N,0.6666666666665555,"{""N"": 4}",1,0.6666666666665555,N,2.0362964671088517,"{""N"": 4}",N,0.99999999999975,1,5.5,0.0,0,118.41719680773987,28.41719680773987,0.04941507372685545,78.93408731278981,86.85034740152447,conventional,38,Amm2,Orthorhombic,0.06251445233333008,0.0
mp-989557,YTcN3,YTcN3,c,N,2,0,0.0,0,1,0.5,7.338309240415047e-15,1.9622132948416142,3.9956479999999988,2.0362964671088517,primary_pass_failed,False,"{""N"": 2, ""Y"": 2}",2,Y,0.499999999999875,"{""Y"": 2}",1,0.499999999999875,Tc,2.0362964671088517,"{""Tc"": 4}",Tc,0.99999999999975,1,-2.8333333333333335,0.0,0,118.41719680773987,28.41719680773987,0.04941507372685561,112.91859594405823,86.85034740152447,conventional,38,Amm2,Orthorhombic,0.06251445233333008,0.0
mp-989557,YTcN3,YTcN3,c,Y,1,0,0.0,0,1,0.5,7.338309240415047e-15,1.5901454690808914,3.9956479999999988,2.5127562714809324,primary_pass_failed,False,"{""N"": 2, ""Y"": 2}",2,Y,0.499999999999875,"{""N"": 2}",1,0.499999999999875,N,2.5127562714809324,"{""N"": 8}",N,0.999999999999875,1,3.0,0.0,0,90.0,28.41719680773987,0.04941507372685561,112.91859594405821,54.01388919588356,conventional,38,Amm2,Orthorhombic,0.06251445233333008,0.0
mp-989557,YTcN3,YTcN3,a,Y,2,0,0.0,0,0,0.0,2.5954684664143975e-15,1.090890972275544,4.066440999999999,3.7276328279787734,primary_pass_failed,False,"{""N"": 1, ""Tc"": 1, ""Y"": 1}",3,Y,0.33333333333322224,"{""N"": 1, ""Tc"": 1}",2,0.6666666666664445,N,2.3969280406303612,"{""N"": 6}",N,0.9999999999998334,1,3.0,0.0,0,90.0,0.0,0.5795257489363971,,56.459297972029006,conventional,38,Amm2,Orthorhombic,0.06251445233333008,0.0
mp-989557,YTcN3,YTcN3,a,N,6,0,0.0,0,0,0.0,2.595468466414305e-15,1.3998770602086499,4.066440999999999,2.904855801690115,primary_pass_failed,False,"{""N"": 1, ""Tc"": 1, ""Y"": 1}",3,Y,0.33333333333322224,"{""Tc"": 1, ""Y"": 1}",2,0.6666666666664445,Y,2.396928040630361,"{""Y"": 2}",Y,0.9999999999995,1,-2.8333333333333335,0.0,0,90.0,0.0,0.5795257489363973,86.85034740152551,56.45929797202903,conventional,38,Amm2,Orthorhombic,0.06251445233333008,0.0
mp-989557,YTcN3,YTcN3,a,Tc,2,0,0.0,0,0,0.0,2.595468466414305e-15,1.8645776730779875,4.066440999999999,2.180891179120065,primary_pass_failed,False,"{""N"": 1, ""Tc"": 1, ""Y"": 1}",3,Y,0.33333333333322224,"{""N"": 1, ""Y"": 1}",2,0.6666666666664445,N,2.0932301034697023,"{""N"": 4}",N,0.99999999999975,1,5.5,0.0,0,90.0,0.0,0.5795257489363973,173.70069480305096,39.46704365639486,conventional,38,Amm2,Orthorhombic,0.06251445233333008,0.0
mp-4374,UAsS,UAsS,c,As,1,1,0.9999999999989999,1,0,0.0,1.0,0.901277958077311,2.7605028503962745,3.0628762477285396,,True,"{""As"": 2}",1,As,0.9999999999995,{},0,,U,3.0628762477285396,"{""U"": 8}",U,0.999999999999875,1,-1.0,0.0,0,90.0,0.0,1.6087257790236037e-16,90.0,50.409237480585915,conventional,129,P4/nmm,Tetragonal,0.0,0.0
mp-4374,UAsS,UAsS,c,U,2,2,0.9999999999995,1,1,0.28148629000000003,1.0,1.365169825476435,3.903940569999999,2.8596739373707956,,False,"{""U"": 1}",1,U,0.9999999999989999,{},0,,S,2.8596739373707956,"{""As"": 4, ""S"": 5}",S,0.5555555555554939,2,3.0,0.0,0,90.0,0.0,0.0,,15.133348927354604,conventional,129,P4/nmm,Tetragonal,0.0,0.0
mp-4374,UAsS,UAsS,c,S,2,2,0.9999999999995,1,2,0.3705205800000001,1.0,1.365169825476435,3.903940569999999,2.8596739373707956,,False,"{""S"": 1}",1,S,0.9999999999989999,{},0,,U,2.8596739373707956,"{""U"": 5}",U,0.9999999999997999,1,-2.0,0.0,0,90.00000000000001,1.4210854715202004e-14,0.0,,15.133348927354604,conventional,129,P4/nmm,Tetragonal,0.0,0.0
mp-4374,UAsS,UAsS,a,As,2,0,0.0,0,0,0.0,7.960945793150954e-24,1.414213562373095,3.903940569999999,2.7605028503962754,primary_pass_failed,False,"{""As"": 1, ""S"": 1, ""U"": 1}",3,U,0.33333333333322224,"{""S"": 1, ""U"": 1}",2,0.6666666666664445,As,2.7605028503962754,"{""As"": 4, ""U"": 2}",As,0.6666666666665555,2,-1.0,0.0,1,90.0,0.0,0.7292975690404027,79.181525038828,44.999999999999936,conventional,129,P4/nmm,Tetragonal,0.0,0.0
mp-4374,UAsS,UAsS,a,S,2,0,0.0,0,0,0.0,7.960945793150954e-24,1.365169825476435,3.903940569999999,2.8596739373707956,primary_pass_failed,False,"{""As"": 1, ""S"": 1, ""U"": 1}",3,U,0.33333333333322224,"{""As"": 1, ""U"": 1}",2,0.6666666666664445,U,2.8596739373707956,"{""U"": 4}",U,0.99999999999975,1,-2.0,0.0,0,90.0,0.0,0.7292975690404027,,43.04596896525308,conventional,129,P4/nmm,Tetragonal,0.0,0.0
mp-4374,UAsS,UAsS,a,U,2,0,0.0,0,0,0.0,7.960945793150954e-24,1.365169825476435,3.903940569999999,2.8596739373707956,primary_pass_failed,False,"{""As"": 1, ""S"": 1, ""U"": 1}",3,U,0.33333333333322224,"{""As"": 1, ""S"": 1}",2,0.6666666666664445,S,2.8596739373707956,"{""As"": 2, ""S"": 4}",S,0.6666666666665555,2,3.0,0.0,0,90.00000000000001,1.4210854715202004e-14,0.7292975690404027,79.181525038828,43.04596896525308,conventional,129,P4/nmm,Tetragonal,0.0,0.0
mp-4374,UAsS,UAsS,b,As,2,0,0.0,0,0,0.0,7.960945793150954e-24,1.414213562373095,3.903940569999999,2.7605028503962754,primary_pass_failed,False,"{""As"": 1, ""S"": 1, ""U"": 1}",3,U,0.33333333333322224,"{""S"": 1, ""U"": 1}",2,0.6666666666664445,As,2.7605028503962754,"{""As"": 4, ""U"": 2}",As,0.6666666666665555,2,-1.0,0.0,1,90.0,0.0,0.7292975690404027,79.181525038828,44.999999999999936,conventional,129,P4/nmm,Tetragonal,0.0,0.0
mp-4374,UAsS,UAsS,b,S,2,0,0.0,0,0,0.0,7.960945793150954e-24,1.365169825476435,3.903940569999999,2.8596739373707956,primary_pass_failed,False,"{""As"": 1, ""S"": 1, ""U"": 1}",3,U,0.33333333333322224,"{""As"": 1, ""U"": 1}",2,0.6666666666664445,U,2.8596739373707956,"{""U"": 4}",U,0.99999999999975,1,-2.0,0.0,0,90.00000000000001,1.4210854715202004e-14,0.7292975690404027,,43.04596896525308,conventional,129,P4/nmm,Tetragonal,0.0,0.0
mp-4374,UAsS,UAsS,b,U,2,0,0.0,0,0,0.0,7.960945793150954e-24,1.365169825476435,3.903940569999999,2.8596739373707956,primary_pass_failed,False,"{""As"": 1, ""S"": 1, ""U"": 1}",3,U,0.33333333333322224,"{""As"": 1, ""S"": 1}",2,0.6666666666664445,S,2.8596739373707956,"{""As"": 2, ""S"": 4}",S,0.6666666666665555,2,3.0,0.0,0,90.00000000000001,1.4210854715202004e-14,0.7292975690404027,79.181525038828,43.04596896525308,conventional,129,P4/nmm,Tetragonal,0.0,0.0
mp-667273,C,C,c,C,30,0,0.0,0,26,0.8394017899999999,0.0,0.5887246168302678,1.443041725820041,2.45113196317401,primary_pass_failed,False,"{""C"": 8}",1,C,0.999999999999875,{},0,,C,1.388311744188468,"{""C"": 16}",C,0.9999999999999376,1,,,1,90.0,1.4210854715202004e-14,1.1265335784245831,,53.891341266955266,conventional,202,Fm-3,Cubic,0.3906763383333338,1.0093
mp-667273,C,C,a,C,30,0,0.0,0,26,0.8394017899999999,0.0,0.5887246168302678,1.443041725820041,2.45113196317401,primary_pass_failed,False,"{""C"": 8}",1,C,0.999999999999875,{},0,,C,1.3883117441884691,"{""C"": 16}",C,0.9999999999999376,1,,,1,90.0,3.552713678800501e-14,1.1265335784245831,,53.89134126695528,conventional,202,Fm-3,Cubic,0.3906763383333338,1.0093
mp-667273,C,C,b,C,30,0,0.0,0,19,0.6605982100000001,0.0,0.5887246168302671,1.4430417258200396,2.4511319631740105,primary_pass_failed,True,"{""C"": 8}",1,C,0.999999999999875,{},0,,C,1.3883117441884683,"{""C"": 16}",C,0.9999999999999376,1,,,1,90.0,1.9539925233402755e-14,1.1265335784245836,,53.89134126695522,conventional,202,Fm-3,Cubic,0.3906763383333338,1.0093
mp-3346392,CaMg(CO3)2,CaMg(CO3)2,c,Mg,1,0,0.0,0,0,0.0,0.0019873668941103578,1.7625023528185004,3.812074846325292,2.1628764581387503,primary_pass_failed,False,"{""Mg"": 2}",1,Mg,0.9999999999995,{},0,,O,2.040812354675255,"{""O"": 12}",O,0.9999999999999166,1,2.0,0.0,0,77.5290891619785,12.470910838021496,0.0,,55.82872101743417,conventional,14,P2_1/c,Monoclinic,0.023405942500000165,5.7864
mp-3346392,CaMg(CO3)2,CaMg(CO3)2,c,Ca,1,0,0.0,0,4,0.5,0.0019873668941103578,1.6586773751372863,3.812074846325292,2.29826179790375,primary_pass_failed,True,"{""Ca"": 2}",1,Ca,0.9999999999995,{},0,,O,2.29826179790375,"{""O"": 12}",O,0.9999999999999166,1,2.0,0.0,0,77.5290891619785,12.470910838021496,0.0,,25.512480392684026,conventional,14,P2_1/c,Monoclinic,0.023405942500000165,5.7864
mp-3346392,CaMg(CO3)2,CaMg(CO3)2,a,C,2,0,0.0,0,5,0.5,0.0005926520269752696,2.818257837170214,3.633407109002809,1.2892387137477381,primary_pass_failed,False,"{""C"": 2, ""Ca"": 1, ""Mg"": 1, ""O"": 2}",4,C,0.33333333333327775,"{""Ca"": 1, ""Mg"": 1, ""O"": 2}",3,0.6666666666665555,O,1.2891059966609715,"{""O"": 6}",O,0.9999999999998334,1,4.0,0.0,0,88.6503893170229,1.349610682977108,0.271257168982332,,36.74583533587693,conventional,14,P2_1/c,Monoclinic,0.023405942500000165,5.7864
mp-3346392,CaMg(CO3)2,CaMg(CO3)2,c,C,2,0,0.0,0,6,0.773115196198977,0.00022131224739974445,2.916040422535827,3.7590851951967283,1.2891059966609717,primary_pass_failed,False,"{""C"": 2, ""O"": 2}",2,C,0.499999999999875,"{""O"": 2}",1,0.499999999999875,O,1.2891059966609717,"{""O"": 4}",O,0.99999999999975,1,4.0,0.0,0,104.50511631241409,14.505116312414088,0.0,,47.517708659169706,conventional,14,P2_1/c,Monoclinic,0.023405942500000165,5.7864
mp-3346392,CaMg(CO3)2,CaMg(CO3)2,b,O,12,0,0.0,0,11,0.7787048538125013,5.128012145504145e-08,2.0441435368093197,5.944744440285692,2.908183468155458,primary_pass_failed,False,"{""O"": 1}",1,O,0.9999999999989999,{},0,,C,1.2910204938842091,"{""C"": 1, ""Ca"": 1, ""Mg"": 1}",C,0.33333333333322224,3,-2.0,0.0,0,74.76249147427984,15.237508525720159,0.27383747028142397,,85.85821949881144,conventional,14,P2_1/c,Monoclinic,0.023405942500000165,5.7864
mp-3346392,CaMg(CO3)2,CaMg(CO3)2,b,Mg,2,0,0.0,0,0,0.00448177245183301,5.128012145504131e-08,1.461735918492438,5.944744440285692,4.066907274480063,primary_pass_failed,False,"{""C"": 2, ""Ca"": 1, ""Mg"": 1}",3,C,0.499999999999875,"{""C"": 2, ""Ca"": 1}",2,0.7499999999998125,O,2.040812354675255,"{""O"": 6}",O,0.9999999999998334,1,2.0,0.0,0,74.76249147427984,15.237508525720159,0.273837470281424,,31.17335900203163,conventional,14,P2_1/c,Monoclinic,0.023405942500000165,5.7864
mp-3346392,CaMg(CO3)2,CaMg(CO3)2,b,Ca,2,0,0.0,0,0,0.00448177245183301,5.128012145504045e-08,2.579847628006086,5.944744440285692,2.304300601225922,primary_pass_failed,False,"{""C"": 2, ""Ca"": 1, ""Mg"": 1}",3,C,0.499999999999875,"{""C"": 2, ""Mg"": 1}",2,0.7499999999998125,O,2.29826179790375,"{""O"": 6}",O,0.9999999999998334,1,2.0,0.0,0,74.76249147427983,15.237508525720173,0.27383747028142397,,53.00307576343331,conventional,14,P2_1/c,Monoclinic,0.023405942500000165,5.7864
mp-3346392,CaMg(CO3)2,CaMg(CO3)2,a,O,10,0,0.0,0,2,0.14264899426709832,6.025597149785089e-11,1.599658677150477,4.773643480156048,2.9841637771499427,primary_pass_failed,False,"{""O"": 1}",1,O,0.9999999999989999,{},0,,C,1.289105996660972,"{""C"": 1, ""Mg"": 2}",Mg,0.6666666666664445,2,-2.0,0.0,0,90.0,0.0,0.48510225145294406,,36.745835335876926,conventional,14,P2_1/c,Monoclinic,0.023405942500000165,5.7864
mp-3346392,CaMg(CO3)2,CaMg(CO3)2,a,Ca,2,0,0.0,0,0,0.005356762755870992,6.025597149784982e-11,2.0770668879020224,4.773643480156048,2.29826179790375,primary_pass_failed,False,"{""C"": 2, ""Ca"": 1, ""Mg"": 1, ""O"": 2}",4,C,0.33333333333327775,"{""C"": 2, ""Mg"": 1, ""O"": 2}",3,0.8333333333331945,O,2.29826179790375,"{""O"": 4}",O,0.99999999999975,1,2.0,0.0,0,90.0,0.0,0.48510225145294417,179.99999914622634,16.99505062635572,conventional,14,P2_1/c,Monoclinic,0.023405942500000165,5.7864
mp-3346392,CaMg(CO3)2,CaMg(CO3)2,a,Mg,2,0,0.0,0,0,0.005356762755870992,6.025597149784982e-11,1.4298691717003853,4.773643480156048,3.338517659261988,primary_pass_failed,False,"{""C"": 2, ""Ca"": 1, ""Mg"": 1, ""O"": 2}",4,C,0.33333333333327775,"{""C"": 2, ""Ca"": 1, ""O"": 2}",3,0.8333333333331945,O,2.1628764581387507,"{""O"": 4}",O,0.99999999999975,1,2.0,0.0,0,90.0,0.0,0.48510225145294417,180.0,71.38105504593625,conventional,14,P2_1/c,Monoclinic,0.023405942500000165,5.7864
mp-3346392,CaMg(CO3)2,CaMg(CO3)2,b,C,2,0,0.0,0,0,0.00448177245183301,1.0726154240595178e-15,2.8184181064823832,3.6336137344046833,1.2892387137477381,primary_pass_failed,False,"{""C"": 2, ""Ca"": 1, ""Mg"": 1}",3,C,0.499999999999875,"{""Ca"": 1, ""Mg"": 1}",2,0.499999999999875,O,1.2891059966609715,"{""O"": 6}",O,0.9999999999998334,1,4.0,0.0,0,73.28102700709967,16.718972992900333,0.4825734564798139,,31.97394578506746,conventional,14,P2_1/c,Monoclinic,0.023405942500000165,5.7864
mp-3346392,CaMg(CO3)2,CaMg(CO3)2,c,O,6,0,0.0,0,2,0.22688480380102305,0.0,1.3491230378329668,2.9849793840258947,2.2125331050758184,primary_pass_failed,False,"{""C"": 2, ""O"": 2}",2,O,0.499999999999875,"{""C"": 2}",1,0.499999999999875,Mg,2.0408123546752552,"{""Ca"": 2, ""Mg"": 2}",Mg,0.499999999999875,2,-2.0,0.0,0,169.46441560396977,79.46441560396977,2.231619482331792e-16,,55.82872101743417,conventional,14,P2_1/c,Monoclinic,0.023405942500000165,5.7864
mp-3346394,Ca2Mg(CO3)3,Ca2Mg(CO3)3,a,Mg,2,0,0.0,0,18,0.75,0.0010912059720675465,1.7707498016268357,3.873796094215155,2.187658635147774,primary_pass_failed,True,"{""Mg"": 2}",1,Mg,0.9999999999995,{},0,,O,2.0397080340563187,"{""O"": 12}",O,0.9999999999999166,1,,,0,76.94198349867575,13.058016501324246,0.0,,54.61799044506252,conventional,15,C2/c,Monoclinic,0.020246448333331557,5.7677
mp-3346394,Ca2Mg(CO3)3,Ca2Mg(CO3)3,c,O,12,0,0.0,0,0,0.0034588090491411982,0.0005451761760988418,2.1762834632907264,4.819919118359305,2.214747848642463,primary_pass_failed,False,"{""Mg"": 2, ""O"": 4}",2,O,0.6666666666665555,"{""Mg"": 2}",1,0.33333333333327775,C,1.2891126455316664,"{""C"": 4, ""Ca"": 8}",Ca,0.6666666666666111,2,,,0,84.09627515622634,11.807449687547305,0.13920369361775337,,21.932254806513626,conventional,15,C2/c,Monoclinic,0.020246448333331557,5.7677
mp-3346394,Ca2Mg(CO3)3,Ca2Mg(CO3)3,a,C,6,0,0.0,0,16,0.6764271090091962,0.00029455489003201324,2.980401861485159,3.842073728406637,1.2891126455316666,primary_pass_failed,False,"{""C"": 2, ""O"": 2}",2,C,0.499999999999875,"{""O"": 2}",1,0.499999999999875,O,1.2891126455316666,"{""O"": 4}",O,0.99999999999975,1,,,0,104.25661705001404,14.256617050014043,0.0,,54.43750819867722,conventional,15,C2/c,Monoclinic,0.020246448333331557,5.7677
mp-3346394,Ca2Mg(CO3)3,Ca2Mg(CO3)3,a,Ca,4,0,0.0,0,14,0.5883834136488326,0.00021916511287071994,1.6529662722803513,3.8353965004951194,2.3203114091396397,primary_pass_failed,False,"{""Ca"": 2}",1,Ca,0.9999999999995,{},0,,O,2.3203114091396397,"{""O"": 12}",O,0.9999999999999166,1,,,0,104.51351540131546,14.513515401315466,1.1578704047749277e-16,,25.760584940231787,conventional,15,C2/c,Monoclinic,0.020246448333331557,5.7677
mp-3346394,Ca2Mg(CO3)3,Ca2Mg(CO3)3,a,O,18,0,0.0,0,8,0.32357289099080383,6.40115135497819e-10,1.372941446613633,3.040719115199615,2.2147478486424634,primary_pass_failed,False,"{""C"": 2, ""O"": 2}",2,O,0.499999999999875,"{""C"": 2}",1,0.499999999999875,Mg,2.03970803405632,"{""Ca"": 2, ""Mg"": 2}",Mg,0.499999999999875,2,,,0,85.88623757108127,4.113762428918726,0.4526858889304601,,54.61799044506253,conventional,15,C2/c,Monoclinic,0.020246448333331557,5.7677
mp-3346394,Ca2Mg(CO3)3,Ca2Mg(CO3)3,b,Mg,2,0,0.0,0,16,0.75,4.71496934212679e-22,1.0235773221551732,6.0657698943086205,5.926049515767853,primary_pass_failed,False,"{""C"": 4, ""Ca"": 4, ""Mg"": 2}",3,Ca,0.39999999999996,"{""C"": 4, ""Ca"": 4}",2,0.79999999999992,O,2.0397080340563187,"{""O"": 12}",O,0.9999999999999166,1,,,0,103.60630225522203,13.606302255222026,0.6457621171111416,,32.49931311990836,conventional,15,C2/c,Monoclinic,0.020246448333331557,5.7677
mp-3346394,Ca2Mg(CO3)3,Ca2Mg(CO3)3,c,Mg,2,0,0.0,0,0,0.0034588090491411982,1.220043091127063e-33,2.363043650308149,4.819919118359305,2.03970803405632,primary_pass_failed,False,"{""Mg"": 2, ""O"": 4}",2,O,0.6666666666665555,"{""O"": 4}",1,0.6666666666665555,O,2.03970803405632,"{""O"": 12}",O,0.9999999999999166,1,,,0,90.0,11.815098690767101,0.8378696772600349,,11.446794116569386,conventional,15,C2/c,Monoclinic,0.020246448333331557,5.7677
mp-3346394,Ca2Mg(CO3)3,Ca2Mg(CO3)3,c,C,6,0,0.0,0,6,0.41714393655798043,1.220043091127063e-33,3.735874517123677,4.819919118359305,1.290171577301867,primary_pass_failed,False,"{""C"": 2}",1,C,0.9999999999995,{},0,,O,1.2891126455316666,"{""O"": 6}",O,0.9999999999998334,1,,,0,90.0,11.815098690767101,0.8378696772600349,,21.932254806513612,conventional,15,C2/c,Monoclinic,0.020246448333331557,5.7677
mp-3346394,Ca2Mg(CO3)3,Ca2Mg(CO3)3,c,Ca,4,0,0.0,0,13,0.8267898181260369,1.220043091127063e-33,2.0391883809191267,4.819919118359305,2.3636458325575664,primary_pass_failed,False,"{""Ca"": 2, ""O"": 4}",2,O,0.6666666666665555,"{""O"": 4}",1,0.6666666666665555,O,2.32031140913964,"{""O"": 12}",O,0.9999999999999166,1,,,0,90.0,11.815098690767101,0.8378696772600349,,25.092757830648274,conventional,15,C2/c,Monoclinic,0.020246448333331557,5.7677
mp-3346394,Ca2Mg(CO3)3,Ca2Mg(CO3)3,b,C,6,0,0.0,0,6,0.2692982807859081,7.7066718620705e-60,1.893038783428801,6.065769894308621,3.204250196777208,primary_pass_failed,False,"{""C"": 1}",1,C,0.9999999999989999,{},0,,O,1.2869618671609298,"{""O"": 3}",O,0.9999999999996666,1,,,0,91.2187199776373,1.2187199776373063,1.166420198792044,,89.99999743867906,conventional,15,C2/c,Monoclinic,0.020246448333331557,5.7677
mp-3346394,Ca2Mg(CO3)3,Ca2Mg(CO3)3,b,O,16,0,0.0,0,9,0.46369270193435597,7.7066718620705e-60,1.0879441301275277,6.065769894308621,5.575442457323244,primary_pass_failed,False,"{""O"": 1}",1,O,0.9999999999989999,{},0,,C,1.2869618671609295,"{""C"": 1, ""Ca"": 2}",Ca,0.6666666666664445,2,,,0,88.7812800223627,1.2187199776373063,1.166420198792044,,89.99999743867906,conventional,15,C2/c,Monoclinic,0.020246448333331557,5.7677
mp-3346394,Ca2Mg(CO3)3,Ca2Mg(CO3)3,b,Ca,2,0,0.0,0,16,0.75,0.0,1.3183024698437227,4.224170948408627,3.2042501967772075,primary_pass_failed,False,"{""C"": 4, ""Ca"": 4, ""Mg"": 2}",3,Ca,0.39999999999996,"{""C"": 4, ""Mg"": 2}",2,0.59999999999994,O,2.3203114091396397,"{""O"": 24}",O,0.9999999999999584,1,,,0,97.71236808809388,15.424736176187757,0.3579416002577689,,52.135480852723575,conventional,15,C2/c,Monoclinic,0.020246448333331557,5.7677
mp-3346398,CaMg(CO3)2,CaMg(CO3)2,c,O,16,0,0.0,0,8,0.4071961098687482,0.010087321948156142,2.0138589125895745,4.82325323047566,2.395030357053936,primary_pass_failed,True,"{""O"": 1}",1,O,0.9999999999989999,{},0,,C,1.2861931049732356,"{""C"": 1, ""Ca"": 1, ""Mg"": 1}",C,0.33333333333322224,3,-2.0,0.0,0,91.25549625958641,1.2554962595864083,0.2129184130592945,,59.53185126629852,conventional,2,P-1,Triclinic,0.011918094333334572,5.6084
mp-3346398,CaMg(CO3)2,CaMg(CO3)2,c,Mg,3,0,0.0,0,6,0.3184579338536735,0.010087321948156105,2.3108365177333368,4.82325323047566,2.0872325642519765,primary_pass_failed,False,"{""Mg"": 1}",1,Mg,0.9999999999989999,{},0,,O,2.0798633715947084,"{""O"": 6}",O,0.9999999999998334,1,2.0,0.0,0,88.74450374041359,1.2554962595864083,0.2129184130592946,,28.055576729765306,conventional,2,P-1,Triclinic,0.011918094333334572,5.6084
mp-3346398,CaMg(CO3)2,CaMg(CO3)2,c,C,4,0,0.0,0,12,0.5077603856757158,0.010087321948156105,3.7402693834961056,4.82325323047566,1.2895470181260762,primary_pass_failed,False,"{""C"": 1}",1,C,0.9999999999989999,{},0,,O,1.2861931049732356,"{""O"": 3}",O,0.9999999999996666,1,4.0,0.0,0,91.25549625958641,1.2554962595864083,0.2129184130592946,,59.53185126629852,conventional,2,P-1,Triclinic,0.011918094333334572,5.6084
mp-3346398,CaMg(CO3)2,CaMg(CO3)2,c,Ca,3,0,0.0,0,16,0.645517549590827,0.010087321948156105,2.013858912589575,4.82325323047566,2.3950303570539355,primary_pass_failed,False,"{""Ca"": 1}",1,Ca,0.9999999999989999,{},0,,O,2.3175514105186674,"{""O"": 6}",O,0.9999999999998334,1,2.0,0.0,0,88.74450374041359,1.2554962595864083,0.2129184130592946,,57.36296455895393,conventional,2,P-1,Triclinic,0.011918094333334572,5.6084
mp-3346398,CaMg(CO3)2,CaMg(CO3)2,b,O,13,0,0.0,0,16,0.8110794837122519,0.004778129294720045,2.165518311835436,4.82325323047566,2.227297365307245,primary_pass_failed,False,"{""O"": 2}",1,O,0.9999999999995,{},0,,C,1.2910369741987684,"{""C"": 2, ""Ca"": 2, ""Mg"": 2}",C,0.33333333333327775,3,-2.0,0.0,0,80.69185000740994,9.30814999259006,0.1370415965550426,,26.15808763230025,conventional,2,P-1,Triclinic,0.011918094333334572,5.6084
mp-3346398,CaMg(CO3)2,CaMg(CO3)2,a,O,13,0,0.0,0,13,0.6369094357504799,3.514068819692908e-17,2.016329923605167,5.972567767786786,2.962098463086798,primary_pass_failed,False,"{""O"": 1}",1,O,0.9999999999989999,{},0,,C,1.280009083375609,"{""C"": 1, ""Ca"": 2}",Ca,0.6666666666664445,2,-2.0,0.0,0,91.05634011035376,1.0563401103537586,0.6151628876138765,,82.84866391944703,conventional,2,P-1,Triclinic,0.011918094333334572,5.6084
mp-3346398,CaMg(CO3)2,CaMg(CO3)2,a,C,6,0,0.0,0,18,0.9063406767584694,3.514068819692858e-17,1.9812711929146132,5.972567767786786,3.014513000111129,primary_pass_failed,False,"{""C"": 1}",1,C,0.9999999999989999,{},0,,O,1.280009083375609,"{""O"": 3}",O,0.9999999999996666,1,4.0,0.0,0,91.05634011035376,1.0563401103537586,0.6151628876138766,,82.84866391944703,conventional,2,P-1,Triclinic,0.011918094333334572,5.6084
mp-3346398,CaMg(CO3)2,CaMg(CO3)2,a,Mg,3,0,0.0,0,5,0.1448884095664853,3.514068819692837e-17,1.9812711929146132,5.972567767786786,3.014513000111129,primary_pass_failed,False,"{""Mg"": 1}",1,Mg,0.9999999999989999,{},0,,O,2.0798633715947084,"{""O"": 6}",O,0.9999999999998334,1,2.0,0.0,0,88.94365988964626,1.0563401103537444,0.6151628876138767,,21.53741667610859,conventional,2,P-1,Triclinic,0.011918094333334572,5.6084
mp-3346398,CaMg(CO3)2,CaMg(CO3)2,a,Ca,3,0,0.0,0,8,0.31046591931352363,3.5140688196928327e-17,2.0349271076251974,5.972567767786786,2.9350278668000533,primary_pass_failed,False,"{""Ca"": 1, ""O"": 3}",2,O,0.7499999999998125,"{""O"": 3}",1,0.7499999999998125,O,2.3175514105186674,"{""O"": 6}",O,0.9999999999998334,1,2.0,0.0,0,91.05634011035376,1.0563401103537586,0.6151628876138767,,41.96479508878419,conventional,2,P-1,Triclinic,0.011918094333334572,5.6084
mp-3346398,CaMg(CO3)2,CaMg(CO3)2,b,C,6,0,0.0,0,11,0.5813580019092925,3.3092549997083447e-31,3.7466408321642017,4.82325323047566,1.287354045007182,primary_pass_failed,False,"{""C"": 1, ""O"": 1}",2,C,0.49999999999975,"{""O"": 1}",1,0.49999999999975,O,1.287354045007182,"{""O"": 2}",O,0.9999999999995,1,4.0,0.0,0,102.13567296740645,12.13567296740645,0.801825619817071,,18.554866741819183,conventional,2,P-1,Triclinic,0.011918094333334572,5.6084
mp-3346398,CaMg(CO3)2,CaMg(CO3)2,b,Ca,3,0,0.0,0,3,0.15467499712317268,3.3092549997082505e-31,2.0811849992126894,4.82325323047566,2.3175514105186674,primary_pass_failed,False,"{""Ca"": 1}",1,Ca,0.9999999999989999,{},0,,O,2.3175514105186674,"{""O"": 6}",O,0.9999999999998334,1,2.0,0.0,0,77.86432703259355,12.13567296740645,0.8018256198170712,,9.488846847823496,conventional,2,P-1,Triclinic,0.011918094333334572,5.6084
mp-3346398,CaMg(CO3)2,CaMg(CO3)2,b,Mg,3,0,0.0,0,10,0.5,3.3092549997082505e-31,2.199707659278403,4.82325323047566,2.192679199952366,primary_pass_failed,False,"{""Mg"": 1, ""O"": 2}",2,O,0.6666666666664445,"{""O"": 2}",1,0.6666666666664445,O,2.0819938560808815,"{""O"": 6}",O,0.9999999999998334,1,2.0,0.0,0,102.13567296740645,12.13567296740645,0.8018256198170712,,24.617991435630643,conventional,2,P-1,Triclinic,0.011918094333334572,5.6084
mp-3346400,Li4Mg3Cl10,Li4Mg3Cl10,b,Cl,4,0,0.0,0,3,0.75,4.8773905201368196e-05,1.538362097441252,3.583851706533278,2.3296541903198706,primary_pass_failed,True,"{""Cl"": 20, ""Mg"": 10}",2,Cl,0.6666666666666445,"{""Mg"": 10}",1,0.33333333333332227,Li,2.3296541903198706,"{""Li"": 48, ""Mg"": 24}",Li,0.6666666666666574,2,,,0,94.0856328188525,4.085632818852508,0.30758685127189345,,54.33772142346834,conventional,8,Cm,Monoclinic,0.0033027845588229354,5.9478
mp-3346400,Li4Mg3Cl10,Li4Mg3Cl10,b,Mg,4,0,0.0,0,3,0.75,1.864659787512684e-07,2.582484672234298,6.331053164587152,2.4515356209683485,primary_pass_failed,False,"{""Cl"": 20, ""Mg"": 10}",2,Cl,0.6666666666666445,"{""Cl"": 20}",1,0.6666666666666445,Cl,2.4515356209683485,"{""Cl"": 56}",Cl,0.9999999999999821,1,,,0,90.0,19.69800712753827,0.0015129129876161485,,20.23180940881916,conventional,8,Cm,Monoclinic,0.0033027845588229354,5.9478
mp-3346400,Li4Mg3Cl10,Li4Mg3Cl10,c,Cl,10,0,0.0,0,3,0.14878042963415872,9.36394624862707e-11,1.446126340333932,3.4281948474216426,2.3706053557049667,primary_pass_failed,False,"{""Cl"": 8}",1,Cl,0.999999999999875,{},0,,Li,2.3706053557049667,"{""Li"": 12, ""Mg"": 18}",Mg,0.59999999999998,2,,,0,61.676384907786286,28.323615092213714,0.0006567787414746219,,23.028944857792183,conventional,8,Cm,Monoclinic,0.0033027845588229354,5.9478
mp-3346400,Li4Mg3Cl10,Li4Mg3Cl10,b,Li,2,0,0.0,0,2,0.5,1.0468595645670939e-12,1.5494030444105462,3.609573294905393,2.32965419031987,primary_pass_failed,False,"{""Cl"": 20, ""Li"": 16, ""Mg"": 2}",3,Cl,0.5263157894736703,"{""Cl"": 20, ""Mg"": 2}",2,0.5789473684210373,Cl,2.32965419031987,"{""Cl"": 48}",Cl,0.9999999999999791,1,,,0,108.69918880555244,30.814352267212456,0.1408012293895679,142.49854173774804,50.26313743458312,conventional,8,Cm,Monoclinic,0.0033027845588229354,5.9478
mp-3346400,Li4Mg3Cl10,Li4Mg3Cl10,c,Mg,7,0,0.0,0,13,0.499520762583344,8.635078788774687e-13,1.4993394108239562,3.6902175466387765,2.461228938556902,primary_pass_failed,False,"{""Li"": 2, ""Mg"": 4}",2,Mg,0.6666666666665555,"{""Li"": 2}",1,0.33333333333327775,Cl,2.461228938556902,"{""Cl"": 24}",Cl,0.9999999999999584,1,,,0,90.01836405610874,0.01836405610873726,0.527046106934411,,34.76425474735207,conventional,8,Cm,Monoclinic,0.0033027845588229354,5.9478
mp-3346400,Li4Mg3Cl10,Li4Mg3Cl10,c,Li,16,0,0.0,0,25,0.8998102234165039,7.645304148495711e-16,2.94514107191864,7.329046330242819,2.4885213140123854,primary_pass_failed,False,"{""Li"": 2, ""Mg"": 4}",2,Mg,0.6666666666665555,"{""Mg"": 4}",1,0.6666666666665555,Cl,2.4885213140123854,"{""Cl"": 12}",Cl,0.9999999999999166,1,,,0,60.50115685940414,29.49884314059586,0.0,,34.9472422875872,conventional,8,Cm,Monoclinic,0.0033027845588229354,5.9478
mp-3346400,Li4Mg3Cl10,Li4Mg3Cl10,a,Li,24,0,0.0,0,3,0.0994248269541329,4.822147931893395e-21,2.0214122320671746,7.384493466180801,3.6531358369337315,primary_pass_failed,False,"{""Cl"": 4, ""Li"": 2}",2,Cl,0.6666666666665555,"{""Cl"": 4}",1,0.6666666666665555,Cl,2.5089066903431916,"{""Cl"": 12}",Cl,0.9999999999999166,1,,,0,90.0,0.0,0.6839668668513998,,29.87168934457169,conventional,8,Cm,Monoclinic,0.0033027845588229354,5.9478
mp-3346400,Li4Mg3Cl10,Li4Mg3Cl10,a,Cl,20,0,0.0,0,20,0.750322427595149,5.226663645786405e-64,1.071720929443962,3.6924998330337564,3.4453930417777,primary_pass_failed,False,"{""Cl"": 4, ""Li"": 2, ""Mg"": 2}",3,Cl,0.4999999999999375,"{""Li"": 2, ""Mg"": 2}",2,0.4999999999999375,Li,2.347314348297993,"{""Li"": 6, ""Mg"": 9}",Mg,0.59999999999996,2,,,0,90.0,0.7749950193275907,1.2070194171443456,,34.573795524683376,conventional,8,Cm,Monoclinic,0.0033027845588229354,5.9478
mp-3346400,Li4Mg3Cl10,Li4Mg3Cl10,a,Mg,14,0,0.0,0,0,0.49929587304188494,9.38930247224883e-65,0.5523314588352348,7.384493466180801,13.36967747908717,primary_pass_failed,False,"{""Cl"": 4, ""Li"": 1, ""Mg"": 1}",3,Cl,0.6666666666665555,"{""Cl"": 4, ""Li"": 1}",2,0.8333333333331945,Cl,2.4404532298169714,"{""Cl"": 6}",Cl,0.9999999999998334,1,,,0,90.0,0.0,1.2142012190665004,,28.045725639382738,conventional,8,Cm,Monoclinic,0.0033027845588229354,5.9478
mp-3346401,CaMg3(CO3)4,CaMg3(CO3)4,c,C,2,0,0.0,0,8,0.7448342078878917,0.02111903113164255,2.8487283340631393,3.655489965692638,1.28320062042519,primary_pass_failed,True,"{""C"": 2, ""O"": 1}",2,C,0.6666666666664445,"{""O"": 1}",1,0.33333333333322224,O,1.28320062042519,"{""O"": 5}",O,0.9999999999997999,1,4.0,0.0,0,80.181692482187,9.81830751781299,0.004017704657339913,,27.99911420555974,conventional,2,P-1,Triclinic,0.013901373500001313,5.7817
mp-3346401,CaMg3(CO3)4,CaMg3(CO3)4,c,Ca,1,0,0.0,0,0,0.0,0.01353796213371235,2.03373507830106,4.717772136213241,2.319757468192155,primary_pass_failed,False,"{""Ca"": 1, ""Mg"": 1}",2,Ca,0.49999999999975,"{""Mg"": 1}",1,0.49999999999975,O,2.319757468192155,"{""O"": 6}",O,0.9999999999998334,1,2.0,0.0,0,89.81544154808297,0.18455845191702736,0.2073859941522023,,21.293801347192158,conventional,2,P-1,Triclinic,0.013901373500001313,5.7817
mp-3346401,CaMg3(CO3)4,CaMg3(CO3)4,c,O,8,0,0.0,0,2,0.2551657921121083,0.01353796213371235,2.1188663011506756,4.717772136213241,2.2265548957247554,primary_pass_failed,False,"{""C"": 2, ""O"": 1}",2,C,0.6666666666664445,"{""C"": 2}",1,0.6666666666664445,Mg,2.1522361226136875,"{""Mg"": 2}",Mg,0.9999999999995,1,-2.0,0.0,0,89.81544154808297,0.18455845191702736,0.2073859941522023,,56.92145441438479,conventional,2,P-1,Triclinic,0.013901373500001313,5.7817
mp-3346401,CaMg3(CO3)4,CaMg3(CO3)4,c,Mg,2,0,0.0,0,0,0.0,0.013537962133712231,2.318410027272739,4.71777213621324,2.0349170684717017,primary_pass_failed,False,"{""Ca"": 1, ""Mg"": 1}",2,Ca,0.49999999999975,"{""Ca"": 1}",1,0.49999999999975,O,2.0349170684717017,"{""O"": 6}",O,0.9999999999998334,1,2.0,0.0,0,90.18455845191703,0.18455845191702736,0.2073859941522025,,24.455282915295427,conventional,2,P-1,Triclinic,0.013901373500001313,5.7817
mp-3346401,CaMg3(CO3)4,CaMg3(CO3)4,b,Mg,2,0,0.0,0,4,0.5,0.007738972536346249,1.8583582273834114,3.78160487623732,2.0349170684717017,primary_pass_failed,False,"{""C"": 2, ""Mg"": 2, ""O"": 2}",3,C,0.33333333333327775,"{""C"": 2, ""O"": 2}",2,0.6666666666665555,O,2.0349170684717017,"{""O"": 8}",O,0.999999999999875,1,2.0,0.0,0,90.0,0.46591057963300386,0.2202907951028759,179.99999939629086,19.63906034258511,conventional,2,P-1,Triclinic,0.013901373500001313,5.7817
mp-3346401,CaMg3(CO3)4,CaMg3(CO3)4,b,C,2,0,0.0,0,4,0.5,0.004277850095131854,2.898424943878741,3.732063586553701,1.287617812714296,primary_pass_failed,False,"{""C"": 2, ""Mg"": 2, ""O"": 2}",3,C,0.33333333333327775,"{""Mg"": 2, ""O"": 2}",2,0.6666666666665555,O,1.287617812714296,"{""O"": 6}",O,0.9999999999998334,1,4.0,0.0,0,90.52504320929887,0.5250432092988717,0.2333083345049375,,31.11402885695862,conventional,2,P-1,Triclinic,0.013901373500001313,5.7817
mp-3346401,CaMg3(CO3)4,CaMg3(CO3)4,a,O,12,0,0.0,0,8,0.610831562072363,6.543558727808751e-08,4.5085829700821956,5.8093622514978955,1.2885117763269167,primary_pass_failed,False,"{""O"": 1}",1,O,0.9999999999989999,{},0,,C,1.2885117763269167,"{""C"": 1, ""Ca"": 1, ""Mg"": 1}",C,0.33333333333322224,3,-2.0,0.0,0,74.45828318782026,15.541716812179743,0.2623051871331461,,25.600349353797455,conventional,2,P-1,Triclinic,0.013901373500001313,5.7817
mp-3346401,CaMg3(CO3)4,CaMg3(CO3)4,a,Mg,2,0,0.0,0,0,0.0033898859248500993,6.543558727808624e-08,2.751872198873204,5.809362251497896,2.1110581566529976,primary_pass_failed,False,"{""C"": 2, ""Ca"": 1, ""Mg"": 1}",3,C,0.499999999999875,"{""C"": 2, ""Ca"": 1}",2,0.7499999999998125,O,2.0022226732004254,"{""O"": 6}",O,0.9999999999998334,1,2.0,0.0,0,105.54171681217977,15.541716812179772,0.2623051871331458,,31.482691625088307,conventional,2,P-1,Triclinic,0.013901373500001313,5.7817
mp-3346401,CaMg3(CO3)4,CaMg3(CO3)4,a,Ca,1,0,0.0,0,0,0.0033898859248500993,6.543558727808548e-08,1.407767990785823,5.8093622514978955,4.126647494133661,primary_pass_failed,False,"{""C"": 2, ""Ca"": 1, ""Mg"": 1}",3,C,0.499999999999875,"{""C"": 2, ""Mg"": 1}",2,0.7499999999998125,O,2.319757468192155,"{""O"": 6}",O,0.9999999999998334,1,2.0,0.0,0,74.45828318782024,15.541716812179757,0.2623051871331463,,18.064789444165626,conventional,2,P-1,Triclinic,0.013901373500001313,5.7817
mp-3346401,CaMg3(CO3)4,CaMg3(CO3)4,b,O,8,0,0.0,0,6,0.6422126643272863,4.684253039082503e-10,1.6196815872549102,4.717772136213241,2.9127775319154408,primary_pass_failed,False,"{""O"": 1}",1,O,0.9999999999989999,{},0,,C,1.2908125247752453,"{""C"": 1, ""Mg"": 2}",Mg,0.6666666666664445,2,-2.0,0.0,0,89.534089420367,0.46591057963300386,0.46338927001958297,,35.22884543111249,conventional,2,P-1,Triclinic,0.013901373500001313,5.7817
mp-3346401,CaMg3(CO3)4,CaMg3(CO3)4,b,Ca,1,0,0.0,0,0,0.00639496328045519,4.684253039082422e-10,2.026132545897403,4.717772136213241,2.3284617513133488,primary_pass_failed,False,"{""C"": 2, ""Ca"": 1, ""Mg"": 1, ""O"": 2}",4,O,0.33333333333327775,"{""C"": 2, ""Mg"": 1, ""O"": 2}",3,0.8333333333331945,O,2.319757468192155,"{""O"": 4}",O,0.99999999999975,1,2.0,0.0,0,89.53408942036701,0.46591057963298965,0.46338927001958313,180.0,70.33121627966747,conventional,2,P-1,Triclinic,0.013901373500001313,5.7817
mp-3346401,CaMg3(CO3)4,CaMg3(CO3)4,a,C,2,0,0.0,0,0,0.0033898859248500993,1.9250450229520116e-13,2.921142058823424,3.7706467561770207,1.2908125247752449,primary_pass_failed,False,"{""C"": 2, ""Ca"": 1, ""Mg"": 1}",3,C,0.499999999999875,"{""Ca"": 1, ""Mg"": 1}",2,0.499999999999875,O,1.287617812714296,"{""O"": 6}",O,0.9999999999998334,1,4.0,0.0,0,90.0,16.70593380951499,0.4256187011280639,,32.26385850074076,conventional,2,P-1,Triclinic,0.013901373500001313,5.7817
mp-3346405,Ca3Mg(CO3)4,Ca3Mg(CO3)4,b,C,3,0,0.0,0,14,0.6666666666666666,3.1494097345937355e-11,3.8001383569176297,4.9062638007785235,1.2910750451618016,primary_pass_failed,True,"{""C"": 4, ""Ca"": 3, ""Mg"": 1, ""O"": 2}",4,C,0.39999999999996,"{""Ca"": 3, ""Mg"": 1, ""O"": 2}",3,0.59999999999994,O,1.2889591931673736,"{""O"": 10}",O,0.9999999999999,1,,,0,90.0,3.552713678800501e-15,0.49183647491082677,,44.218378268467575,conventional,148,R-3,Trigonal,0.002724590499999735,5.5471
mp-3346405,Ca3Mg(CO3)4,Ca3Mg(CO3)4,a,C,3,0,0.0,0,7,0.3333333333333333,3.149409734593735e-11,3.8001383569176297,4.9062638007785235,1.2910750451618016,primary_pass_failed,False,"{""C"": 4, ""Ca"": 3, ""Mg"": 1, ""O"": 2}",4,C,0.39999999999996,"{""Ca"": 3, ""Mg"": 1, ""O"": 2}",3,0.59999999999994,O,1.2889591931673736,"{""O"": 10}",O,0.9999999999999,1,,,0,90.0,0.0,0.4918364749108267,,49.88417197261529,conventional,148,R-3,Trigonal,0.002724590499999735,5.5471
mp-3346405,Ca3Mg(CO3)4,Ca3Mg(CO3)4,a,Ca,3,0,0.0,0,14,0.6666666666666666,2.018790206212039e-11,2.0421994590673265,4.9062638007785235,2.4024410441373916,primary_pass_failed,False,"{""C"": 4, ""Ca"": 3, ""Mg"": 1, ""O"": 2}",4,C,0.39999999999996,"{""C"": 4, ""Mg"": 1, ""O"": 2}",3,0.69999999999993,O,2.3392377562646134,"{""O"": 18}",O,0.9999999999999445,1,,,0,90.0,0.0,0.4850497429139206,,40.295063180761105,conventional,148,R-3,Trigonal,0.002724590499999735,5.5471
mp-3346405,Ca3Mg(CO3)4,Ca3Mg(CO3)4,b,Ca,3,0,0.0,0,7,0.3333333333333333,2.018790206212039e-11,2.042199459067326,4.9062638007785235,2.402441044137392,primary_pass_failed,False,"{""C"": 4, ""Ca"": 3, ""Mg"": 1, ""O"": 2}",4,C,0.39999999999996,"{""C"": 4, ""Mg"": 1, ""O"": 2}",3,0.69999999999993,O,2.3392377562646134,"{""O"": 18}",O,0.9999999999999445,1,,,0,90.00000000000001,1.4210854715202004e-14,0.4850497429139206,,20.436138275286922,conventional,148,R-3,Trigonal,0.002724590499999735,5.5471
mp-3346405,Ca3Mg(CO3)4,Ca3Mg(CO3)4,c,Mg,3,0,0.0,0,0,0.0,2.319522830243619e-16,2.348694443030637,4.906263800778523,2.0889323493471235,primary_pass_failed,False,"{""Mg"": 1}",1,Mg,0.9999999999989999,{},0,,O,2.0889323493471235,"{""O"": 6}",O,0.9999999999998334,1,,,0,60.00000000000001,29.999999999999993,1.8102948715460216e-16,,35.40394711470551,conventional,148,R-3,Trigonal,0.002724590499999735,5.5471
mp-3346405,Ca3Mg(CO3)4,Ca3Mg(CO3)4,c,C,12,0,0.0,0,21,0.8770182224738116,2.319522830243619e-16,1.5442765208430735,4.906263800778523,3.177063003004167,primary_pass_failed,False,"{""C"": 1, ""O"": 3}",2,O,0.7499999999998125,"{""O"": 3}",1,0.7499999999998125,,,{},,,0,,,0,60.00000000000001,29.999999999999993,1.8102948715460216e-16,119.99995982886661,,conventional,148,R-3,Trigonal,0.002724590499999735,5.5471
mp-3346405,Ca3Mg(CO3)4,Ca3Mg(CO3)4,c,Ca,9,0,0.0,0,4,0.16666666666666666,2.319522830243619e-16,2.0862521984063362,4.906263800778523,2.3517117463202006,primary_pass_failed,False,"{""Ca"": 1}",1,Ca,0.9999999999989999,{},0,,O,2.3517117463202006,"{""O"": 6}",O,0.9999999999998334,1,,,0,60.00000000000001,29.999999999999993,1.8102948715460216e-16,,37.69281528143896,conventional,148,R-3,Trigonal,0.002724590499999735,5.5471
mp-3346405,Ca3Mg(CO3)4,Ca3Mg(CO3)4,a,Mg,3,0,0.0,0,0,0.0,5.355034368511864e-96,0.4925202527942301,4.9062638007785235,9.961547312914886,primary_pass_failed,False,"{""C"": 4, ""Ca"": 3, ""Mg"": 1, ""O"": 2}",4,C,0.39999999999996,"{""C"": 4, ""Ca"": 3, ""O"": 2}",3,0.89999999999991,O,2.0889323493471235,"{""O"": 6}",O,0.9999999999998334,1,,,0,90.0,0.0,1.4811148902280555,,11.09548872749886,conventional,148,R-3,Trigonal,0.002724590499999735,5.5471
mp-3346405,Ca3Mg(CO3)4,Ca3Mg(CO3)4,a,O,21,0,0.0,0,18,0.9053874368210388,5.355034368511864e-96,0.5934935610643259,4.9062638007785235,8.266751524616383,primary_pass_failed,False,"{""O"": 1}",1,O,0.9999999999989999,{},0,,C,1.2910750451618012,"{""C"": 1, ""Ca"": 1, ""Mg"": 1}",C,0.33333333333322224,3,,,0,90.0,0.0,1.4811148902280555,,51.77934977640624,conventional,148,R-3,Trigonal,0.002724590499999735,5.5471
mp-3346405,Ca3Mg(CO3)4,Ca3Mg(CO3)4,b,Mg,3,0,0.0,0,0,0.0,5.355034368511864e-96,0.4925202527942301,4.9062638007785235,9.961547312914886,primary_pass_failed,False,"{""C"": 4, ""Ca"": 3, ""Mg"": 1, ""O"": 2}",4,C,0.39999999999996,"{""C"": 4, ""Ca"": 3, ""O"": 2}",3,0.89999999999991,O,2.0889323493471235,"{""O"": 6}",O,0.9999999999998334,1,,,0,90.0,0.0,1.4811148902280555,,51.458067957042644,conventional,148,R-3,Trigonal,0.002724590499999735,5.5471
mp-3346405,Ca3Mg(CO3)4,Ca3Mg(CO3)4,b,O,21,0,0.0,0,3,0.09461256317896094,5.355034368511864e-96,0.5934935610643262,4.9062638007785235,8.266751524616382,primary_pass_failed,False,"{""O"": 1}",1,O,0.9999999999989999,{},0,,C,1.291075045161803,"{""C"": 1, ""Ca"": 1, ""Mg"": 1}",C,0.33333333333322224,3,,,0,90.0,0.0,1.4811148902280555,,51.779349776406264,conventional,148,R-3,Trigonal,0.002724590499999735,5.5471
mp-3346405,Ca3Mg(CO3)4,Ca3Mg(CO3)4,c,O,12,0,0.0,0,21,0.8770182224738116,0.0,0.9543888190130593,2.2325423595921454,2.339237756264616,primary_pass_failed,False,"{""C"": 1, ""O"": 3}",2,O,0.7499999999998125,"{""C"": 1}",1,0.2499999999999375,Ca,2.339237756264616,"{""Ca"": 6}",Ca,0.9999999999998334,1,,,0,60.0,30.000000000000004,6.630545484643368e-17,,39.43460527404778,conventional,148,R-3,Trigonal,0.002724590499999735,5.5471
mp-3346409,Na4LiCl5,Na4LiCl5,c,Cl,2,0,0.0,0,0,0.0,1.0,1.3499227906704705,3.7262783975771567,2.7603640914354917,coplane_mixed_species,True,"{""Cl"": 5, ""Li"": 1, ""Na"": 4}",3,Cl,0.49999999999995,"{""Li"": 1, ""Na"": 4}",2,0.49999999999995,Li,2.7603640914354917,"{""Li"": 2, ""Na"": 8}",Na,0.79999999999992,2,-1.0,0.0,0,90.0,1.4210854715202004e-14,4.735899729390828e-16,88.35011539539038,88.32551075958774,conventional,87,I4/m,Tetragonal,0.01289844975000154,6.1841
mp-3346409,Na4LiCl5,Na4LiCl5,c,Li,2,0,0.0,0,1,0.5,1.0,3.150099539151964,8.695421652322572,2.7603640914354917,nn_intra_min_out_of_bounds|coplane_mixed_species,False,"{""Cl"": 5, ""Li"": 1, ""Na"": 4}",3,Cl,0.49999999999995,"{""Cl"": 5, ""Na"": 4}",2,0.89999999999991,Cl,2.7603640914354917,"{""Cl"": 2}",Cl,0.9999999999995,1,1.0,0.0,0,89.99999999999999,1.4210854715202004e-14,2.0428645216138314e-16,90.0,89.99999730013067,conventional,87,I4/m,Tetragonal,0.01289844975000154,6.1841
mp-3346409,Na4LiCl5,Na4LiCl5,a,Na,8,0,0.0,0,2,0.2008059334620573,2.1711448311291092e-09,1.998665585035328,5.520728182870982,2.7622070566514503,primary_pass_failed,False,"{""Na"": 1}",1,Na,0.9999999999989999,{},0,,Cl,2.735670568358019,"{""Cl"": 6}",Cl,0.9999999999998334,1,1.0,0.0,0,90.0,0.0,0.44663196523046017,,71.98924324404928,conventional,87,I4/m,Tetragonal,0.01289844975000154,6.1841
mp-3346409,Na4LiCl5,Na4LiCl5,a,Li,2,0,0.0,0,7,0.5,2.1711448311291092e-09,2.0952510353139413,5.520728182870982,2.634876723515751,primary_pass_failed,False,"{""Cl"": 1, ""Li"": 1}",2,Cl,0.49999999999975,"{""Cl"": 1}",1,0.49999999999975,Cl,2.6348767235157506,"{""Cl"": 4}",Cl,0.99999999999975,1,1.0,0.0,0,90.0,0.0,0.44663196523046017,180.0,72.08105176457647,conventional,87,I4/m,Tetragonal,0.01289844975000154,6.1841
mp-3346409,Na4LiCl5,Na4LiCl5,a,Cl,10,0,0.0,0,13,0.9047468219688444,2.1711448311291092e-09,2.0952510353139413,5.520728182870982,2.634876723515751,primary_pass_failed,False,"{""Cl"": 1, ""Na"": 1}",2,Na,0.49999999999975,"{""Na"": 1}",1,0.49999999999975,Li,2.634876723515751,"{""Li"": 1, ""Na"": 3}",Na,0.7499999999998125,2,-1.0,0.0,0,90.0,0.0,0.44663196523046017,175.8137782489076,17.918948235423372,conventional,87,I4/m,Tetragonal,0.01289844975000154,6.1841
mp-3346409,Na4LiCl5,Na4LiCl5,b,Cl,10,0,0.0,0,11,0.7883202315475049,2.1711448311291092e-09,1.998665585035328,5.520728182870982,2.7622070566514503,primary_pass_failed,False,"{""Cl"": 1}",1,Cl,0.9999999999989999,{},0,,Li,2.634876723515751,"{""Li"": 1, ""Na"": 5}",Na,0.8333333333331945,2,-1.0,0.0,0,90.0,0.0,0.44663196523046017,,72.08105176457644,conventional,87,I4/m,Tetragonal,0.01289844975000154,6.1841
mp-3346409,Na4LiCl5,Na4LiCl5,b,Na,8,0,0.0,0,12,0.7991940665379427,2.171144831129086e-09,1.9986655850353277,5.5207281828709815,2.7622070566514503,primary_pass_failed,False,"{""Na"": 1}",1,Na,0.9999999999989999,{},0,,Cl,2.7356705683580187,"{""Cl"": 6}",Cl,0.9999999999998334,1,1.0,0.0,0,90.0,0.0,0.4466319652304603,,71.98924324404928,conventional,87,I4/m,Tetragonal,0.01289844975000154,6.1841
mp-3346409,Na4LiCl5,Na4LiCl5,b,Li,2,0,0.0,0,0,0.0,2.1711448311290707e-09,2.0952510353139413,5.520728182870982,2.6348767235157506,primary_pass_failed,False,"{""Cl"": 1, ""Li"": 1}",2,Cl,0.49999999999975,"{""Cl"": 1}",1,0.49999999999975,Cl,2.6348767235157506,"{""Cl"": 4}",Cl,0.99999999999975,1,1.0,0.0,0,90.0,0.0,0.4466319652304604,180.0,17.91894823542333,conventional,87,I4/m,Tetragonal,0.01289844975000154,6.1841
mp-3346409,Na4LiCl5,Na4LiCl5,c,Na,2,0,0.0,0,0,0.0,0.0,1.400627230547623,3.8688224199568224,2.7622070566514503,primary_pass_failed,False,"{""Cl"": 5, ""Li"": 1, ""Na"": 4}",3,Cl,0.49999999999995,"{""Cl"": 5, ""Li"": 1}",2,0.59999999999994,Cl,2.7622070566514503,"{""Cl"": 8}",Cl,0.999999999999875,1,1.0,0.0,0,90.0,3.552713678800501e-15,5.739333079224386e-17,91.18691009179938,87.90688912445202,conventional,87,I4/m,Tetragonal,0.01289844975000154,6.1841
mp-3346410,Na3Mg2Cl7,Na3Mg2Cl7,c,Cl,10,0,0.0,0,13,0.8987208193610913,1.0,1.1185206416858524,3.4776342817613646,3.109137330286384,coplane_mixed_species,True,"{""Cl"": 2, ""Mg"": 1}",2,Cl,0.6666666666664445,"{""Mg"": 1}",1,0.33333333333322224,Na,3.109137330286384,"{""Na"": 8}",Na,0.999999999999875,1,-1.0,0.0,0,90.00000000000003,2.1316282072803006e-14,1.915479779655577e-16,175.47526839163848,37.72903551908293,conventional,139,I4/mmm,Tetragonal,0.1193115638541693,5.0423
mp-3346410,Na3Mg2Cl7,Na3Mg2Cl7,c,Na,6,0,0.0,0,7,0.5,1.0,1.4291406662794115,4.918117566240539,3.4413110495583625,nn_intra_min_out_of_bounds|coplane_mixed_species,False,"{""Cl"": 1, ""Na"": 1}",2,Cl,0.49999999999975,"{""Cl"": 1}",1,0.49999999999975,Cl,3.4413110495583625,"{""Cl"": 8}",Cl,0.999999999999875,1,1.0,0.0,0,89.99999999999999,1.4210854715202004e-14,1.8059316552268964e-16,90.0,44.39200253567926,conventional,139,I4/mmm,Tetragonal,0.1193115638541693,5.0423
mp-3346410,Na3Mg2Cl7,Na3Mg2Cl7,c,Mg,4,0,0.0,0,1,0.10127918063890873,1.0,1.9636620096037853,4.918117566240539,2.5045641980072144,nn_intra_min_out_of_bounds|coplane_mixed_species,False,"{""Cl"": 2, ""Mg"": 1}",2,Cl,0.6666666666664445,"{""Cl"": 2}",1,0.6666666666664445,Cl,2.4081172848068806,"{""Cl"": 2}",Cl,0.9999999999995,1,2.0,0.0,0,89.99999999999999,1.4210854715202004e-14,1.8059316552268964e-16,89.91071521010085,89.99999730013067,conventional,139,I4/mmm,Tetragonal,0.1193115638541693,5.0423
mp-3346410,Na3Mg2Cl7,Na3Mg2Cl7,a,Cl,2,0,0.0,0,1,0.5,0.40395830691723283,1.398351559556006,3.4413110495583616,2.460977016860496,primary_pass_failed,False,"{""Cl"": 7, ""Mg"": 2, ""Na"": 3}",3,Cl,0.5833333333332847,"{""Mg"": 2, ""Na"": 3}",2,0.41666666666663194,Mg,2.460977016860496,"{""Mg"": 4, ""Na"": 8}",Na,0.6666666666666111,2,-1.0,0.0,0,90.21640932145594,0.8258720459509489,0.006063974811128768,153.34036094865138,70.0042993383673,conventional,139,I4/mmm,Tetragonal,0.1193115638541693,5.0423
mp-3346410,Na3Mg2Cl7,Na3Mg2Cl7,b,Cl,2,0,0.0,0,1,0.5,0.40395830691723283,1.398351559556006,3.4413110495583616,2.460977016860496,primary_pass_failed,False,"{""Cl"": 7, ""Mg"": 2, ""Na"": 3}",3,Cl,0.5833333333332847,"{""Mg"": 2, ""Na"": 3}",2,0.41666666666663194,Mg,2.460977016860496,"{""Mg"": 4, ""Na"": 8}",Na,0.6666666666666111,2,-1.0,0.0,0,90.21640932145594,0.8258720459509489,0.006063974811128768,153.34036094865138,70.0042993383673,conventional,139,I4/mmm,Tetragonal,0.1193115638541693,5.0423
mp-3346410,Na3Mg2Cl7,Na3Mg2Cl7,a,Na,2,0,0.0,0,0,0.0,0.05867472102003896,1.386231442688151,4.30998392687848,3.1091373302863836,primary_pass_failed,False,"{""Cl"": 7, ""Mg"": 2, ""Na"": 3}",3,Cl,0.5833333333332847,"{""Cl"": 7, ""Mg"": 2}",2,0.7499999999999375,Cl,3.1091373302863836,"{""Cl"": 12}",Cl,0.9999999999999166,1,1.0,0.0,0,90.0,9.473903143468002e-15,0.13180037948553516,99.2892876650089,50.049975475384834,conventional,139,I4/mmm,Tetragonal,0.1193115638541693,5.0423
mp-3346410,Na3Mg2Cl7,Na3Mg2Cl7,b,Na,2,0,0.0,0,0,0.0,0.05867472102003896,1.386231442688151,4.30998392687848,3.1091373302863836,primary_pass_failed,False,"{""Cl"": 7, ""Mg"": 2, ""Na"": 3}",3,Cl,0.5833333333332847,"{""Cl"": 7, ""Mg"": 2}",2,0.7499999999999375,Cl,3.1091373302863836,"{""Cl"": 12}",Cl,0.9999999999999166,1,1.0,0.0,0,90.0,9.473903143468002e-15,0.13180037948553516,99.2892876650089,50.049975475384834,conventional,139,I4/mmm,Tetragonal,0.1193115638541693,5.0423
mp-3346410,Na3Mg2Cl7,Na3Mg2Cl7,a,Mg,2,0,0.0,0,1,0.5,0.0,1.9984410795167256,4.918117566240539,2.4609770168604954,primary_pass_failed,False,"{""Cl"": 7, ""Mg"": 2, ""Na"": 3}",3,Cl,0.5833333333332847,"{""Cl"": 7, ""Na"": 3}",2,0.8333333333332639,Cl,2.4609770168604954,"{""Cl"": 4}",Cl,0.99999999999975,1,2.0,0.0,0,90.0,0.0,0.01833556459060786,92.26236580418076,87.73763419581766,conventional,139,I4/mmm,Tetragonal,0.1193115638541693,5.0423
mp-3346410,Na3Mg2Cl7,Na3Mg2Cl7,b,Mg,2,0,0.0,0,1,0.5,0.0,1.9984410795167251,4.918117566240539,2.460977016860496,primary_pass_failed,False,"{""Cl"": 7, ""Mg"": 2, ""Na"": 3}",3,Cl,0.5833333333332847,"{""Cl"": 7, ""Na"": 3}",2,0.8333333333332639,Cl,2.460977016860496,"{""Cl"": 4}",Cl,0.99999999999975,1,2.0,0.0,0,90.0,0.0,0.01833556459060777,92.26236580418076,87.73763419581766,conventional,139,I4/mmm,Tetragonal,0.1193115638541693,5.0423
